{"cameraMode":{"drawMode":0,"name":"Shaded","section":"Shading Mode"},"sceneLighting":true,"audioPlay":false,"sceneViewState":{"m_AlwaysRefresh":false,"showFog":true,"showSkybox":true,"showFlares":true,"showImageEffects":true,"showParticleSystems":true,"showVisualEffectGraphs":true,"m_FxEnabled":true},"in2DMode":false,"pivot":{"x":-0.17096325755119325,"y":8.737156867980957,"z":-0.09743750095367432},"rotation":{"x":-0.6121253967285156,"y":-0.011135583743453026,"z":0.008629116229712963,"w":-0.7906571626663208},"size":0.7594334483146668,"orthographic":false}